DATE,Home_inventory_val,GDP,Median_House_income,New_completed_house,Inflation,MORTGAGE30US,Mortgage_default_rate,New_residential_properties,Unemployment_rate,House_price,Population(in_million)
2000-01-01,14854.5,10002.179,53771.28954,83.9,3.851771126,8.21,1.95,1727.0,4.0,100.551,281.083
2000-02-01,15218.0,10002.179,53771.28954,83.1,2.785583925,8.325,1.95,1692.0,4.1,101.339,281.299
2000-03-01,15118.3,10002.179,53771.28954,92.0,3.416808776,8.24,1.95,1651.0,4.0,102.126,281.531
2000-04-01,14878.6,10247.72,53771.28954,92.7,2.276901266,8.1525,1.98,1597.0,3.8,102.922,281.763
2000-05-01,14870.7,10247.72,53771.28954,97.4,2.853533845,8.515,1.98,1543.0,4.0,103.677,281.996
2000-06-01,14594.9,10247.72,53771.28954,104.7,3.142534503,8.288,1.98,1572.0,4.0,104.424,282.247
2000-07-01,14206.2,10318.165,53771.28954,101.9,3.436363353,8.1475,2.09,1542.0,4.0,105.054,282.504
2000-08-01,14561.7,10318.165,53771.28954,109.9,2.875700615,8.0275,2.09,1552.0,4.1,105.768,282.769
2000-09-01,14354.1,10318.165,53771.28954,106.4,3.068734234,7.912000000000001,2.09,1570.0,3.9,106.538,283.033
2000-10-01,14426.8,10435.744,53771.28954,108.6,2.701073265,7.795,2.23,1577.0,3.9,107.382,283.285
2000-11-01,14448.5,10435.744,53771.28954,105.3,2.651774,7.745,2.23,1614.0,3.9,108.301,283.523
2000-12-01,14121.0,10435.744,53771.28954,113.7,3.296461023,7.382,2.23,1543.0,3.9,109.14,283.748
2001-01-01,14468.3,10470.231,53012.95571,82.4,4.076477832,7.0325,2.34,1699.0,4.2,109.846,283.96
2001-02-01,14606.6,10470.231,53012.95571,82.9,2.836788954,7.05,2.34,1656.0,4.2,110.5,284.166
2001-03-01,14626.6,10470.231,53012.95571,93.4,2.992146605,6.952,2.34,1659.0,4.3,111.108,284.38
2001-04-01,15084.3,10599.0,53012.95571,92.6,3.144633088,7.0775,2.41,1666.0,4.4,111.651,284.602
2001-05-01,14952.3,10599.0,53012.95571,97.8,3.501116192,7.145,2.41,1665.0,4.3,112.163,284.834
2001-06-01,15249.9,10599.0,53012.95571,104.4,3.521800315,7.159999999999999,2.41,1626.0,4.5,112.796,285.076
2001-07-01,15134.7,10598.02,53012.95571,102.2,2.435041108,7.1275,2.18,1598.0,4.6,113.491,285.324
2001-08-01,15054.6,10598.02,53012.95571,110.3,3.805442846,6.95,2.18,1615.0,4.9,114.167,285.584
2001-09-01,14681.5,10598.02,53012.95571,106.2,2.782507575,6.8175,2.18,1565.0,5.0,114.811,285.842
2001-10-01,14742.2,10660.465,53012.95571,107.8,4.184076582,6.6175,2.26,1566.0,5.3,115.309,286.086
2001-11-01,14835.0,10660.465,53012.95571,105.5,3.443171412,6.6579999999999995,2.26,1651.0,5.5,115.856,286.315
2001-12-01,14967.2,10660.465,53012.95571,115.0,2.475286032,7.0649999999999995,2.26,1680.0,5.7,116.455,286.533
2002-01-01,14966.8,10783.5,52550.12267,82.6,2.761589672,6.9975,2.24,1665.0,5.7,117.143,286.739
2002-02-01,15645.6,10783.5,52550.12267,82.7,3.383524075,6.8925,2.24,1787.0,5.7,117.844,286.935
2002-03-01,15005.3,10783.5,52550.12267,93.3,2.872621423,7.014,2.24,1691.0,5.7,118.687,287.131
2002-04-01,15121.1,10887.46,52550.12267,94.0,2.676482145,6.985,2.16,1669.0,5.9,119.61,287.343
2002-05-01,15806.6,10887.46,52550.12267,98.1,2.420198438,6.806,2.16,1716.0,5.8,120.723,287.571
2002-06-01,15591.0,10887.46,52550.12267,104.4,2.502533199,6.65,2.16,1758.0,5.8,121.813,287.808
2002-07-01,15553.4,10984.04,52550.12267,101.5,2.245055231,6.485,2.1,1738.0,5.8,122.888,288.051
2002-08-01,15597.6,10984.04,52550.12267,110.3,2.285721776,6.29,2.1,1695.0,5.7,123.831,288.303
2002-09-01,15989.1,10984.04,52550.12267,107.2,2.717797898,6.0925,2.1,1803.0,5.7,124.78,288.554
2002-10-01,15679.6,11061.433,52550.12267,107.3,2.313903075,6.1125,2.0,1799.0,5.7,125.734,288.794
2002-11-01,15950.8,11061.433,52550.12267,104.6,1.910976007,6.068,2.0,1771.0,5.9,126.669,289.012
2002-12-01,16124.5,11061.433,52550.12267,115.2,3.012614285,6.0475,2.0,1896.0,6.0,127.623,289.214
2003-01-01,15931.1,11174.129,52571.66436,82.2,2.181390428,5.9159999999999995,1.97,1808.0,5.8,128.461,289.412
2003-02-01,15712.9,11174.129,52571.66436,82.3,1.975830234,5.8425,1.97,1854.0,5.9,129.355,289.606
2003-03-01,15735.2,11174.129,52571.66436,91.9,1.126211809,5.745,1.97,1757.0,5.9,130.148,289.809
2003-04-01,15832.1,11312.766,52571.66436,93.5,0.55303689,5.8125,1.83,1803.0,6.0,130.884,290.024
2003-05-01,16409.2,11312.766,52571.66436,98.9,1.075788186,5.484,1.83,1835.0,6.1,131.735,290.25
2003-06-01,16664.5,11312.766,52571.66436,105.4,1.123059635,5.23,1.83,1875.0,6.3,132.649,290.484
2003-07-01,16882.2,11566.669,52571.66436,101.1,2.671073123,5.6325,1.73,1885.0,6.2,133.777,290.726
2003-08-01,16772.3,11566.669,52571.66436,109.5,2.357414269,6.264,1.73,1966.0,6.1,134.968,290.974
2003-09-01,17314.1,11566.669,52571.66436,106.5,2.022265145,6.1475,1.73,1961.0,6.1,136.294,291.222
2003-10-01,17674.7,11772.234,52571.66436,107.9,2.095867494,5.952,1.76,2012.0,6.0,137.533,291.463
2003-11-01,17427.4,11772.234,52571.66436,105.3,1.186362412,5.9325,1.76,1918.0,5.8,138.794,291.677
2003-12-01,17643.9,11772.234,52571.66436,116.4,1.798822339,5.8759999999999994,1.76,1987.0,5.7,140.18,291.868
2004-01-01,17123.7,11923.447,52501.68753,83.3,2.220074706,5.7125,1.65,1952.0,5.7,141.646,292.046
2004-02-01,17090.3,11923.447,52501.68753,83.5,2.912654553,5.635,1.65,1966.0,5.6,143.192,292.23
2004-03-01,18097.6,11923.447,52501.68753,91.6,2.734402268,5.445,1.65,2066.0,5.8,145.058,292.434
2004-04-01,18500.3,12112.815,52501.68753,94.1,2.538381927,5.83,1.6,2070.0,5.6,146.592,292.651
2004-05-01,18628.0,12112.815,52501.68753,101.1,3.217494891,6.27,1.6,2150.0,5.6,148.185,292.872
2004-06-01,18087.0,12112.815,52501.68753,104.7,2.724931449,6.2875,1.6,2020.0,5.6,149.85,293.103
2004-07-01,18710.8,12305.307,52501.68753,101.4,1.77113696,6.056,1.56,2112.0,5.5,151.338,293.35
2004-08-01,18714.9,12305.307,52501.68753,110.9,2.873237452,5.8675,1.56,2056.0,5.4,152.633,293.603
2004-09-01,18210.8,12305.307,52501.68753,105.7,2.146634995,5.754,1.56,2041.0,5.4,154.179,293.857
2004-10-01,18793.0,12527.214,52501.68753,107.7,2.660501094,5.7225,1.41,2097.0,5.5,155.75,294.104
2004-11-01,17896.4,12527.214,52501.68753,102.7,1.480066306,5.73,1.41,2079.0,5.4,157.527,294.337
2004-12-01,18770.7,12527.214,52501.68753,115.0,1.915249726,5.752,1.41,2082.0,5.4,159.329,294.561
2005-01-01,18936.0,12767.286,53324.27828,83.0,3.421759136,5.71,1.42,2139.0,5.3,161.288,294.768
2005-02-01,19106.8,12767.286,53324.27828,83.0,3.304002291,5.6275,1.42,2114.0,5.4,163.344,294.955
2005-03-01,18281.1,12767.286,53324.27828,91.1,1.897179395,5.928,1.42,2062.0,5.2,165.812,295.149
2005-04-01,19350.0,12922.656,53324.27828,93.8,2.096479013,5.855,1.55,2150.0,5.2,167.501,295.359
2005-05-01,19573.7,12922.656,53324.27828,100.6,3.168462352,5.72,1.55,2085.0,5.1,169.351,295.582
2005-06-01,19670.2,12922.656,53324.27828,104.4,1.624775389,5.582,1.55,2178.0,5.0,171.19,295.824
2005-07-01,19496.2,13142.642,53324.27828,100.8,3.028645573,5.695,1.59,2203.0,5.0,172.86,296.077
2005-08-01,19917.9,13142.642,53324.27828,109.6,2.222156203,5.82,1.59,2219.0,4.9,174.442,296.338
2005-09-01,20084.9,13142.642,53324.27828,107.4,4.024707241,5.774,1.59,2263.0,5.0,176.438,296.606
2005-10-01,19767.7,13324.204,53324.27828,107.5,3.331575156,6.065,1.64,2170.0,5.0,178.027,296.857
2005-11-01,19851.3,13324.204,53324.27828,102.4,2.836911948,6.33,1.64,2218.0,5.0,179.681,297.089
2005-12-01,19326.9,13324.204,53324.27828,115.9,2.204893199,6.272,1.64,2120.0,4.9,180.91,297.311
2006-01-01,20235.0,13599.16,53963.18936,83.9,2.884321866,6.145,1.6,2212.0,4.7,182.321,297.526
2006-02-01,19766.4,13599.16,53963.18936,83.0,2.072020874,6.2525,1.6,2141.0,4.8,183.287,297.734
2006-03-01,20090.6,13599.16,53963.18936,90.4,3.082182514,6.324,1.6,2118.0,4.7,184.365,297.95
2006-04-01,19100.7,13753.424,53963.18936,92.9,2.887031617,6.5075,1.62,1998.0,4.7,184.329,298.17
2006-05-01,18956.9,13753.424,53963.18936,100.5,4.288160685,6.5975,1.62,1905.0,4.6,184.156,298.401
2006-06-01,18863.6,13753.424,53963.18936,105.1,3.199830835,6.6819999999999995,1.62,1867.0,4.6,183.507,298.653
2006-07-01,18029.7,13870.188,53963.18936,101.5,3.053930524,6.7625,1.74,1763.0,4.7,183.067,298.91
2006-08-01,17646.1,13870.188,53963.18936,108.9,4.621370397,6.523999999999999,1.74,1722.0,4.7,182.593,299.178
2006-09-01,17733.6,13870.188,53963.18936,107.9,2.106263773,6.4025,1.74,1655.0,4.5,182.798,299.452
2006-10-01,16701.9,14039.56,53963.18936,107.9,3.65069704,6.3575,1.92,1570.0,4.4,183.199,299.71
2006-11-01,16498.3,14039.56,53963.18936,100.7,3.024699168,6.24,1.92,1535.0,4.5,183.61,299.95
2006-12-01,16679.8,14039.56,53963.18936,115.1,2.725546544,6.135,1.92,1638.0,4.4,184.139,300.178
2007-01-01,15868.4,14215.651,54831.13935,83.8,2.964410263,6.2175,2.08,1626.0,4.6,184.517,300.398
2007-02-01,15530.5,14215.651,54831.13935,82.3,4.44702564,6.285,2.08,1598.0,4.5,184.599,300.608
2007-03-01,15617.5,14215.651,54831.13935,90.8,2.688531122,6.156000000000001,2.08,1596.0,4.4,184.15,300.823
2007-04-01,15165.1,14402.082,54831.13935,92.7,2.368325368,6.18,2.29,1470.0,4.5,183.01,301.045
2007-05-01,15100.6,14402.082,54831.13935,101.2,2.353491438,6.2620000000000005,2.29,1493.0,4.4,181.6,301.278
2007-06-01,14870.1,14402.082,54831.13935,106.3,3.268031737,6.657500000000001,2.29,1407.0,4.6,180.254,301.528
2007-07-01,14570.9,14564.117,54831.13935,100.9,2.828170985,6.695,2.71,1361.0,4.7,179.111,301.79
2007-08-01,14318.0,14564.117,54831.13935,108.7,2.184572805,6.572,2.71,1321.0,4.6,178.116,302.064
2007-09-01,13423.7,14564.117,54831.13935,109.0,3.704406008,6.3825,2.71,1261.0,4.7,177.557,302.334
2007-10-01,13474.7,14715.058,54831.13935,107.6,3.434630521,6.375,3.1,1192.0,4.7,176.623,302.59
2007-11-01,13195.7,14715.058,54831.13935,102.5,3.475359353,6.208,3.1,1224.0,4.7,175.146,302.834
2007-12-01,12417.0,14715.058,54831.13935,114.6,2.982653884,6.095,3.1,1149.0,5.0,174.341,303.062
2008-01-01,12243.8,14706.538,53329.44606,84.3,3.283605276,5.758,3.68,1094.0,5.0,173.132,303.28
2008-02-01,11938.3,14706.538,53329.44606,81.9,2.857474363,5.9175,3.68,1014.0,4.9,171.541,303.494
2008-03-01,11489.3,14706.538,53329.44606,90.2,3.040485746,5.97,3.68,967.0,5.1,170.054,303.707
2008-04-01,11229.6,14865.701,53329.44606,93.5,2.241013884,5.9175,4.36,1008.0,5.0,168.339,303.926
2008-05-01,11374.4,14865.701,53329.44606,101.4,2.46276929,6.036,4.36,995.0,5.4,166.66,304.157
2008-06-01,11922.2,14865.701,53329.44606,104.8,4.053700895,6.32,4.36,1180.0,5.6,165.018,304.396
2008-07-01,10869.7,14898.999,53329.44606,101.0,3.989128739,6.425999999999999,5.28,921.0,5.8,163.567,304.646
2008-08-01,10321.1,14898.999,53329.44606,111.5,2.940131285,6.4775,5.28,858.0,6.1,161.988,304.903
2008-09-01,10255.9,14898.999,53329.44606,107.8,3.174389708,6.0375,5.28,797.0,6.1,160.308,305.158
2008-10-01,9662.9,14608.208,53329.44606,107.0,2.201710242,6.2,6.58,736.0,6.5,158.327,305.403
2008-11-01,8944.3,14608.208,53329.44606,102.0,1.936253666,6.0875,6.58,626.0,6.8,156.141,305.62
2008-12-01,8297.3,14608.208,53329.44606,114.9,0.363484151,5.286,6.58,554.0,7.3,153.618,305.827
2009-01-01,7457.5,14430.901,52919.35107,84.5,2.403640625,5.047499999999999,8.01,545.0,7.8,151.506,306.035
2009-02-01,7648.4,14430.901,52919.35107,82.8,2.143576057,5.13,8.01,558.0,8.3,150.014,306.237
2009-03-01,7286.1,14430.901,52919.35107,88.8,1.908289831,5.0025,8.01,513.0,8.7,148.66,306.438
2009-04-01,7164.9,14381.236,52919.35107,92.9,1.861170199,4.8100000000000005,8.57,521.0,9.0,147.949,306.645
2009-05-01,7241.0,14381.236,52919.35107,99.9,1.293768937,4.8575,8.57,556.0,9.4,147.695,306.863
2009-06-01,7334.9,14381.236,52919.35107,105.8,0.755845909,5.42,8.57,601.0,9.5,148.09,307.09
2009-07-01,7242.6,14448.882,52919.35107,100.0,0.125832513,5.2219999999999995,9.48,595.0,9.5,148.41,307.322
2009-08-01,7174.6,14448.882,52919.35107,112.0,1.625506108,5.1925,9.48,616.0,9.6,148.277,307.57
2009-09-01,6926.7,14448.882,52919.35107,107.2,0.914369784,5.0575,9.48,609.0,9.8,148.024,307.826
2009-10-01,6705.3,14651.248,52919.35107,108.4,1.190365419,4.952,10.4,583.0,10.0,147.849,308.071
2009-11-01,6964.3,14651.248,52919.35107,103.2,0.516016421,4.875,10.4,623.0,9.9,148.133,308.289
2009-12-01,6756.6,14651.248,52919.35107,115.8,0.46081041,4.93,10.4,664.0,9.9,147.928,308.495
2010-01-01,6533.2,14764.611,51464.79785,80.6,0.680110846,5.03,11.48,636.0,9.8,147.395,308.706
2010-02-01,6501.6,14764.611,51464.79785,81.3,-0.106627854,4.99,11.48,650.0,9.8,145.631,308.904
2010-03-01,6664.2,14764.611,51464.79785,91.8,-0.286064246,4.9675,11.48,687.0,9.9,145.859,309.095
2010-04-01,6860.7,14980.193,51464.79785,93.9,0.452616254,5.098000000000001,11.08,637.0,9.9,146.402,309.289
2010-05-01,6395.3,14980.193,51464.79785,100.3,0.27574789,4.8875,11.08,575.0,9.6,146.393,309.485
2010-06-01,6666.9,14980.193,51464.79785,104.3,1.264752677,4.7375,11.08,587.0,9.4,145.719,309.691
2010-07-01,5918.7,15141.605,51464.79785,101.1,0.632305068,4.564,10.66,579.0,9.4,144.989,309.913
2010-08-01,6087.2,15141.605,51464.79785,110.7,0.430205934,4.4275,10.66,580.0,9.5,143.913,310.146
2010-09-01,6061.3,15141.605,51464.79785,107.7,1.536272277,4.346,10.66,563.0,9.5,143.017,310.385
2010-10-01,5856.4,15309.471,51464.79785,108.7,1.126090571,4.225,10.33,558.0,9.4,142.53,310.612
2010-11-01,5692.6,15309.471,51464.79785,105.0,1.318298981,4.3,10.33,560.0,9.8,142.173,310.82
2010-12-01,5839.1,15309.471,51464.79785,116.2,1.393380281,4.714,10.33,632.0,9.3,142.059,311.02
2011-01-01,5774.5,15351.444,50987.06326,80.8,2.27322626,4.755,10.36,576.0,9.1,141.522,311.204
2011-02-01,5645.7,15351.444,50987.06326,82.0,2.816968898,4.9525,10.36,542.0,9.0,140.35,311.373
2011-03-01,5916.4,15351.444,50987.06326,88.9,1.744189983,4.836,10.36,583.0,9.0,139.982,311.551
2011-04-01,5710.4,15557.535,50987.06326,92.2,2.249219196,4.84,10.55,581.0,9.1,140.009,311.74
2011-05-01,5850.1,15557.535,50987.06326,99.2,2.30581554,4.6375,10.55,618.0,9.0,139.904,311.935
2011-06-01,6077.6,15557.535,50987.06326,104.7,1.926728076,4.51,10.55,636.0,9.1,139.86,312.147
2011-07-01,6172.2,15647.681,50987.06326,101.5,2.537031376,4.545,10.51,621.0,9.0,139.729,312.372
2011-08-01,6135.0,15647.681,50987.06326,112.0,3.177970772,4.27,10.51,647.0,9.0,139.307,312.605
2011-09-01,6143.3,15647.681,50987.06326,108.9,2.491977079,4.106,10.51,610.0,9.0,138.668,312.842
2011-10-01,6083.7,15842.267,50987.06326,110.5,2.022265145,4.0675,10.26,671.0,8.8,137.952,313.06
2011-11-01,6425.3,15842.267,50987.06326,102.8,1.847013799,3.9925,10.26,706.0,8.6,137.152,313.26
2011-12-01,6380.8,15842.267,50987.06326,114.7,2.374333058,3.9579999999999997,10.26,697.0,8.5,136.675,313.454
2012-01-01,6332.3,16068.824,51017.0,80.1,3.198089285,3.915,10.33,712.0,8.3,136.607,313.636
2012-02-01,6457.9,16068.824,51017.0,83.4,1.684551913,3.89,10.33,738.0,8.3,136.532,313.811
2012-03-01,6734.7,16068.824,51017.0,91.5,2.420296321,3.9539999999999997,10.33,806.0,8.2,137.904,313.993
2012-04-01,6933.6,16207.13,51017.0,93.5,2.285133843,3.91,10.45,732.0,8.2,139.155,314.176
2012-05-01,6944.4,16207.13,51017.0,95.8,1.732072072,3.7979999999999996,10.45,796.0,8.2,140.155,314.368
2012-06-01,7124.5,16207.13,51017.0,105.8,1.922063278,3.675,10.45,794.0,8.2,141.03,314.576
2012-07-01,7332.8,16319.54,51017.0,103.3,2.083711194,3.55,10.48,849.0,8.2,141.67,314.796
2012-08-01,7421.9,16319.54,51017.0,113.7,2.423866019,3.6019999999999994,10.48,840.0,8.1,142.28,315.031
2012-09-01,7787.1,16319.54,51017.0,108.0,2.286603743,3.4975,10.48,930.0,7.8,142.909,315.264
2012-10-01,8026.3,16420.386,51017.0,111.3,1.875047663,3.3825000000000003,10.02,887.0,7.8,143.601,315.485
2012-11-01,7776.7,16420.386,51017.0,103.8,2.072155379,3.3519999999999994,10.02,917.0,7.7,144.585,315.692
2012-12-01,8170.4,16420.386,51017.0,114.9,1.790650166,3.3449999999999998,10.02,941.0,7.9,145.502,315.877
2013-01-01,8058.8,16629.05,52869.15169,79.8,2.741807504,3.414,9.74,940.0,8.0,146.827,316.038
2013-02-01,8417.9,16629.05,52869.15169,81.8,2.451542228,3.5324999999999998,9.74,980.0,7.7,147.783,316.191
2013-03-01,8713.6,16629.05,52869.15169,90.7,1.215357912,3.565,9.74,936.0,7.5,149.963,316.357
2013-04-01,8414.2,16699.551,52869.15169,92.0,2.088884186,3.4450000000000003,9.32,1012.0,7.6,151.518,316.535
2013-05-01,8710.0,16699.551,52869.15169,98.8,1.956382332,3.536,9.32,1003.0,7.5,152.849,316.729
2013-06-01,8484.1,16699.551,52869.15169,107.6,2.13725044,4.07,9.32,942.0,7.5,154.197,316.934
2013-07-01,8851.1,16911.068,52869.15169,102.6,2.003200047,4.37,8.66,997.0,7.3,155.602,317.156
2013-08-01,8881.5,16911.068,52869.15169,112.3,2.148029899,4.456,8.66,964.0,7.2,156.965,317.397
2013-09-01,8886.3,16911.068,52869.15169,107.8,2.232160173,4.49,8.66,1004.0,7.2,158.227,317.635
2013-10-01,9249.8,17133.114,52869.15169,110.4,1.163729291,4.192,8.29,1044.0,7.2,159.241,317.864
2013-11-01,9631.9,17133.114,52869.15169,101.3,2.605506407,4.255,8.29,1029.0,6.9,160.073,318.076
2013-12-01,9248.3,17133.114,52869.15169,113.8,2.844644082,4.4575,8.29,1005.0,6.7,160.993,318.276
2014-01-01,9056.1,17144.281,52151.38939,80.5,2.406326504,4.432,7.77,976.0,6.6,161.928,318.464
2014-02-01,9422.5,17144.281,52151.38939,81.5,2.350831346,4.3025,7.77,1039.0,6.7,162.527,318.642
2014-03-01,9697.1,17144.281,52151.38939,90.8,2.858976675,4.3425,7.77,1067.0,6.7,163.088,318.827
2014-04-01,9931.1,17462.703,52151.38939,91.8,2.214932229,4.3375,7.43,1090.0,6.2,163.396,319.02
2014-05-01,9861.6,17462.703,52151.38939,98.9,2.545626607,4.192,7.43,1018.0,6.3,163.663,319.225
2014-06-01,9531.8,17462.703,52151.38939,106.5,1.311364441,4.1625,7.43,1010.0,6.1,164.056,319.438
2014-07-01,10221.5,17743.227,52151.38939,102.8,2.404903838,4.13,7.06,1076.0,6.2,164.574,319.67
2014-08-01,10068.7,17743.227,52151.38939,114.8,1.751736915,4.115,7.06,1047.0,6.1,165.218,319.919
2014-09-01,10419.7,17743.227,52151.38939,108.9,1.935410985,4.1625,7.06,1077.0,5.9,165.907,320.166
2014-10-01,10482.3,17852.54,52151.38939,109.2,2.428956551,4.036,6.5,1094.0,5.7,166.644,320.403
2014-11-01,10066.6,17852.54,52151.38939,100.0,2.256310541,3.9975,6.5,1059.0,5.8,167.337,320.616
2014-12-01,10471.8,17852.54,52151.38939,112.5,2.383394246,3.864,6.5,1072.0,5.6,168.053,320.815
2015-01-01,10392.0,17991.348,54808.1772,81.9,1.947529599,3.67,6.24,1049.0,5.7,168.637,320.997
2015-02-01,9982.0,17991.348,54808.1772,82.5,1.954494516,3.71,6.24,1127.0,5.5,169.132,321.164
2015-03-01,9998.9,17991.348,54808.1772,93.0,2.433335926,3.77,6.24,1072.0,5.4,169.802,321.344
2015-04-01,11330.9,18193.707,54808.1772,92.4,2.962650539,3.6719999999999997,5.82,1166.0,5.4,170.301,321.538
2015-05-01,11457.5,18193.707,54808.1772,99.5,2.501291099,3.84,5.82,1272.0,5.6,170.884,321.74
2015-06-01,12040.7,18193.707,54808.1772,106.5,2.972399564,3.9825,5.82,1379.0,5.3,171.457,321.954
2015-07-01,11464.9,18306.96,54808.1772,104.8,1.922025301,4.046,5.39,1140.0,5.2,172.125,322.186
2015-08-01,11483.1,18306.96,54808.1772,113.5,1.635790632,3.9050000000000002,5.39,1165.0,5.1,172.938,322.427
2015-09-01,11801.3,18306.96,54808.1772,106.8,2.998415693,3.89,5.39,1144.0,5.0,173.83,322.67
2015-10-01,11373.4,18332.079,54808.1772,109.0,2.283164491,3.7960000000000003,5.11,1160.0,5.0,174.794,322.901
2015-11-01,11823.0,18332.079,54808.1772,97.1,2.2654806,3.9425,5.11,1244.0,5.1,175.742,323.113
2015-12-01,11761.4,18332.079,54808.1772,112.1,1.834719696,3.964,5.11,1211.0,5.0,176.548,323.318
2016-01-01,11545.4,18425.306,56687.59842,82.4,2.708416591,3.8725,4.78,1171.0,4.8,177.277,323.509
2016-02-01,11867.3,18425.306,56687.59842,82.4,2.537714401,3.66,4.78,1172.0,4.9,177.654,323.687
2016-03-01,11563.1,18425.306,56687.59842,94.3,2.222004559,3.694,4.78,1118.0,5.0,178.168,323.871
2016-04-01,11707.1,18611.617,56687.59842,93.7,3.825477883,3.605,4.59,1160.0,5.1,178.77,324.061
2016-05-01,11993.2,18611.617,56687.59842,100.2,3.280519188,3.6,4.59,1205.0,4.8,179.432,324.26
2016-06-01,12393.6,18611.617,56687.59842,105.9,2.103390461,3.568,4.59,1208.0,4.9,180.065,324.476
2016-07-01,12378.8,18775.459,56687.59842,104.6,2.490164711,3.44,4.38,1198.0,4.8,180.826,324.697
2016-08-01,12212.7,18775.459,56687.59842,111.6,2.742570891,3.435,4.38,1201.0,4.9,181.854,324.924
2016-09-01,12166.2,18775.459,56687.59842,104.6,2.498329335,3.46,4.38,1303.0,5.0,182.827,325.155
2016-10-01,12699.3,18968.041,56687.59842,108.4,2.018025562,3.47,4.14,1254.0,4.9,183.754,325.368
2016-11-01,12546.1,18968.041,56687.59842,96.5,2.458831516,3.77,4.14,1230.0,4.7,184.762,325.562
2016-12-01,12541.0,18968.041,56687.59842,112.9,2.038385108,4.198,4.14,1248.0,4.7,185.723,325.742
2017-01-01,12460.7,19148.194,57646.10481,82.8,3.436305775,4.15,3.9,1296.0,4.7,186.802,325.901
2017-02-01,12605.1,19148.194,57646.10481,82.5,3.292346339,4.1675,3.9,1237.0,4.6,187.316,326.05
2017-03-01,12673.6,19148.194,57646.10481,96.3,1.914383675,4.196,3.9,1273.0,4.4,187.997,326.207
2017-04-01,12379.2,19304.506,57646.10481,93.6,1.553658363,4.045,3.68,1239.0,4.4,188.733,326.371
2017-05-01,12630.0,19304.506,57646.10481,100.6,2.113218871,4.01,3.68,1205.0,4.4,189.629,326.548
2017-06-01,13348.0,19304.506,57646.10481,106.7,1.896833786,3.904,3.68,1353.0,4.3,190.504,326.743
2017-07-01,12839.7,19561.896,57646.10481,104.6,2.122093683,3.9675000000000002,3.64,1254.0,4.3,191.452,326.939
2017-08-01,12874.1,19561.896,57646.10481,110.7,2.274757988,3.88,3.64,1336.0,4.4,192.683,327.14
2017-09-01,12791.4,19561.896,57646.10481,103.7,2.870256771,3.8049999999999997,3.64,1277.0,4.3,193.775,327.342
2017-10-01,13349.6,19894.75,57646.10481,107.3,2.424963024,3.895,3.57,1360.0,4.2,194.814,327.528
2017-11-01,13146.4,19894.75,57646.10481,96.5,2.420392959,3.9219999999999997,3.57,1295.0,4.2,195.953,327.699
2017-12-01,12975.6,19894.75,57646.10481,113.4,2.955747189,3.95,3.57,1312.0,4.1,197.159,327.848
2018-01-01,13231.7,20155.486,58327.87097,83.4,4.170000418,4.032500000000001,3.48,1311.0,4.0,198.291,327.969
2018-02-01,13393.1,20155.486,58327.87097,82.5,2.013279346,4.33,3.48,1331.0,4.1,199.214,328.085
2018-03-01,13531.0,20155.486,58327.87097,96.4,1.961900074,4.444,3.48,1381.0,4.0,199.961,328.219
2018-04-01,13559.8,20470.197,58327.87097,92.8,2.932009148,4.4675,3.22,1365.0,4.0,200.668,328.364
2018-05-01,13831.8,20470.197,58327.87097,100.5,2.981832551,4.586,3.22,1331.0,3.8,201.447,328.521
2018-06-01,13417.0,20470.197,58327.87097,107.5,2.632117889,4.57,3.22,1338.0,4.0,202.245,328.692
2018-07-01,13327.1,20687.278,58327.87097,106.3,2.111493914,4.5275,2.99,1333.0,3.8,202.929,328.863
2018-08-01,13636.0,20687.278,58327.87097,108.3,2.296711287,4.55,2.99,1293.0,3.8,203.734,329.04
2018-09-01,13411.4,20687.278,58327.87097,102.0,2.333723356,4.6274999999999995,2.99,1320.0,3.7,204.39,329.216
2018-10-01,13152.8,20819.269,58327.87097,107.2,2.606262687,4.83,2.83,1280.0,3.8,205.133,329.379
2018-11-01,13178.0,20819.269,58327.87097,97.5,3.723763602,4.866,2.83,1334.0,3.8,205.666,329.527
2018-12-01,12817.0,20819.269,58327.87097,113.5,2.911777015,4.6375,2.83,1320.0,3.9,206.114,329.659
2019-01-01,13415.3,21013.085,62495.33807,83.2,3.230993906,4.464,2.69,1254.0,4.0,206.479,329.766
2019-02-01,13379.1,21013.085,62495.33807,82.8,3.024512124,4.37,2.69,1302.0,3.8,206.803,329.862
2019-03-01,13445.9,21013.085,62495.33807,96.8,3.207144496,4.265,2.69,1291.0,3.8,207.043,329.977
2019-04-01,13681.3,21272.448,62495.33807,93.4,2.277496887,4.1425,2.6,1298.0,3.6,207.538,330.103
2019-05-01,13735.1,21272.448,62495.33807,101.1,2.558535146,4.072,2.6,1338.0,3.7,208.194,330.24
2019-06-01,13337.0,21272.448,62495.33807,106.7,3.807345214,3.8024999999999998,2.6,1301.0,3.6,208.701,330.393
2019-07-01,13635.2,21531.839,62495.33807,106.8,2.469047995,3.765,2.44,1347.0,3.7,209.318,330.553
2019-08-01,14444.1,21531.839,62495.33807,108.3,2.46282908,3.6159999999999997,2.44,1528.0,3.7,210.183,330.729
2019-09-01,13926.8,21531.839,62495.33807,100.5,3.150655203,3.605,2.44,1491.0,3.5,210.972,330.904
2019-10-01,14479.6,21706.532,62495.33807,105.8,2.525719414,3.6879999999999997,2.34,1538.0,3.6,211.816,331.066
2019-11-01,14315.7,21706.532,62495.33807,97.8,3.450270196,3.6950000000000003,2.34,1522.0,3.6,212.762,331.213
2019-12-01,14743.3,21706.532,62495.33807,112.8,2.612330464,3.72,2.34,1461.0,3.6,213.843,331.345
2020-01-01,14873.6,21538.032,61190.33695,83.1,3.206975634,3.624,2.35,1500.0,3.5,214.846,331.443
2020-02-01,14659.7,21538.032,61190.33695,85.7,2.708630536,3.4650000000000003,2.35,1440.0,3.5,215.722,331.525
2020-03-01,13867.0,21538.032,61190.33695,97.9,2.966544381,3.45,2.35,1348.0,4.4,216.345,331.634
2020-04-01,12386.9,19636.731,61190.33695,94.1,1.968373502,3.306,2.54,1050.0,14.7,216.87,331.684
2020-05-01,13003.4,19636.731,61190.33695,100.9,2.895044266,3.2325,2.54,1253.0,13.2,217.119,331.685
2020-06-01,13859.1,19636.731,61190.33695,106.8,1.680370173,3.1625,2.54,1329.0,11.0,217.739,331.728
2020-07-01,15059.1,21362.428,61190.33695,106.9,3.610829473,3.016,2.84,1526.0,10.2,219.437,331.795
2020-08-01,14643.7,21362.428,61190.33695,107.8,2.235723277,2.935,2.84,1564.0,8.4,222.537,331.87
2020-09-01,15513.5,21362.428,61190.33695,100.5,1.133933044,2.89,2.84,1643.0,7.9,225.933,331.95
2020-10-01,15484.8,21704.706,61190.33695,105.8,1.838456241,2.834,2.74,1622.0,6.9,229.782,332.025
2020-11-01,15409.1,21704.706,61190.33695,96.6,1.218910525,2.765,2.74,1713.0,6.7,233.162,332.063
2020-12-01,16158.6,21704.706,61190.33695,113.0,1.624482143,2.684,2.74,1760.0,6.7,236.345,332.047
2021-01-01,16228.1,22313.85,61220.7125,83.7,1.52430226,2.735,2.67,1866.0,6.3,239.3,331.992
2021-02-01,15530.3,22313.85,61220.7125,85.9,2.810390714,2.81,2.67,1700.0,6.2,242.111,331.968
2021-03-01,16759.4,22313.85,61220.7125,99.1,2.356651258,3.0825,2.67,1731.0,6.1,245.364,332.007
2021-04-01,16378.4,23046.934,61220.7125,93.8,2.745814944,3.06,2.48,1714.0,6.1,249.184,332.073
2021-05-01,16419.9,23046.934,61220.7125,100.5,3.338473539,2.9625,2.48,1680.0,5.8,253.682,332.144
2021-06-01,16597.9,23046.934,61220.7125,107.1,3.169493271,2.975,2.48,1644.0,5.9,258.592,332.231
2021-07-01,16555.4,23550.42,61220.7125,107.0,3.581045469,2.868,2.31,1618.0,5.4,262.907,332.358
2021-08-01,17035.8,23550.42,61220.7125,107.6,4.022037671,2.8425000000000002,2.31,1837.0,5.2,267.069,332.489
2021-09-01,16448.1,23550.42,61220.7125,100.3,5.054275017,2.9,2.31,1636.0,4.8,270.498,332.594
2021-10-01,16836.6,24349.121,61220.7125,105.6,7.662852587,3.0675,2.28,1727.0,4.5,273.748,332.692
2021-11-01,17549.3,24349.121,61220.7125,96.5,6.245070449,3.0675,2.28,1775.0,4.2,277.122,332.79
2021-12-01,18097.4,24349.121,61220.7125,114.3,5.611797059,3.098,2.28,1948.0,3.9,281.127,332.876
2022-01-01,17600.1,24740.48,61220.7125,83.2,6.992826311,3.4450000000000003,2.08,1898.0,4.0,285.493,332.918
2022-02-01,18006.9,24740.48,61220.7125,86.3,6.519554583,3.7625,2.08,1817.0,3.8,290.736,332.959
2022-03-01,18408.5,24740.48,61220.7125,99.7,6.350249411,4.172,2.08,1877.0,3.6,296.296,333.056
2022-04-01,18608.4,25248.476,61220.7125,94.7,6.030320223,4.9825,1.96,1795.0,3.6,300.829,333.184
2022-05-01,18088.8,25248.476,61220.7125,100.3,7.503944114,5.2299999999999995,1.96,1708.0,3.6,304.294,333.317
2022-06-01,18120.7,25248.476,61220.7125,105.5,7.924919184,5.522,1.96,1701.0,3.6,305.163,333.46
2022-07-01,17596.4,25723.941,61220.7125,106.2,6.423611019,5.4125,1.85,1658.0,3.5,304.044,333.624
2022-08-01,17720.9,25723.941,61220.7125,108.2,8.463917466,5.2225,1.85,1586.0,3.7,301.712,333.799
2022-09-01,17788.6,25723.941,61220.7125,100.5,8.382964302,6.112,1.85,1588.0,3.5,299.412,333.976
2022-10-01,17464.2,26137.992,61220.7125,105.1,6.507748044,6.9,1.78,1555.0,3.7,298.793,334.141
2022-11-01,17410.7,26137.992,61220.7125,97.3,5.765770218,6.805,1.78,1402.0,3.6,297.985,334.287
2022-12-01,16895.2,26137.992,61220.7125,114.0,7.049161031,6.364,1.78,1409.0,3.5,296.952,334.42
2023-01-01,16666.6,26486.287,61220.7125,82.6,8.142495355,6.2725,1.73,1354.0,3.4,296.064,334.533
2023-02-01,17563.2,26486.287,61220.7125,85.0,7.880495895,6.2575,1.73,1482.0,3.6,296.926,334.637
2023-03-01,17255.3,26486.287,61220.7125,99.5,4.907054528,6.544,1.73,1437.0,3.5,298.166,334.753
